name,version,license,repository
ab_glyph,0.2.32,Apache-2.0,https://github.com/alexheretic/ab-glyph
ab_glyph_rasterizer,0.1.10,Apache-2.0,https://github.com/alexheretic/ab-glyph
accesskit,0.24.1,MIT OR Apache-2.0,https://github.com/AccessKit/accesskit
accesskit_consumer,0.35.0,MIT OR Apache-2.0,https://github.com/AccessKit/accesskit
accesskit_consumer,0.38.0,MIT OR Apache-2.0,https://github.com/AccessKit/accesskit
accesskit_macos,0.26.3,MIT OR Apache-2.0,https://github.com/AccessKit/accesskit
accesskit_windows,0.32.1,MIT OR Apache-2.0,https://github.com/AccessKit/accesskit
accesskit_winit,0.32.2,Apache-2.0,https://github.com/AccessKit/accesskit
adler2,2.0.1,0BSD OR MIT OR Apache-2.0,https://github.com/oyvindln/adler2
ahash,0.8.12,MIT OR Apache-2.0,https://github.com/tkaitchuck/ahash
aho-corasick,1.1.5,Unlicense OR MIT,https://github.com/BurntSushi/aho-corasick
allocator-api2,0.2.21,MIT OR Apache-2.0,https://github.com/zakarumych/allocator-api2
alsa,0.11.0,Apache-2.0/MIT,https://github.com/diwic/alsa-rs
alsa-sys,0.4.0,MIT,https://github.com/diwic/alsa-sys
android-activity,0.6.1,MIT OR Apache-2.0,https://github.com/rust-mobile/android-activity
android-properties,0.2.2,MIT,https://github.com/miklelappo/android-properties
android_log-sys,0.3.2,MIT OR Apache-2.0,https://github.com/rust-mobile/android_log-sys-rs
android_system_properties,0.1.6,MIT OR Apache-2.0,https://github.com/nical/android_system_properties
aotuv_lancer_vorbis_sys,0.1.6,BSD-3-Clause,https://github.com/ComunidadAylas/vorbis-rs
approx,0.5.1,Apache-2.0,https://github.com/brendanzab/approx
arboard,3.6.1,MIT OR Apache-2.0,https://github.com/1Password/arboard
arrayref,0.3.9,BSD-2-Clause,https://github.com/droundy/arrayref
arrayvec,0.7.8,MIT OR Apache-2.0,https://github.com/bluss/arrayvec
as-raw-xcb-connection,1.0.1,MIT OR Apache-2.0,https://github.com/psychon/as-raw-xcb-connection
ash,0.38.0+1.3.281,MIT OR Apache-2.0,https://github.com/ash-rs/ash
asn1-rs,0.7.2,MIT OR Apache-2.0,https://github.com/rusticata/asn1-rs.git
asn1-rs-derive,0.6.0,MIT OR Apache-2.0,https://github.com/rusticata/asn1-rs.git
asn1-rs-impl,0.2.0,MIT/Apache-2.0,https://github.com/rusticata/asn1-rs.git
assert_type_match,0.1.1,MIT OR Apache-2.0,https://github.com/MrGVSV/assert_type_match
async-broadcast,0.7.2,MIT OR Apache-2.0,https://github.com/smol-rs/async-broadcast
async-channel,2.5.0,Apache-2.0 OR MIT,https://github.com/smol-rs/async-channel
async-executor,1.14.0,Apache-2.0 OR MIT,https://github.com/smol-rs/async-executor
async-fs,2.2.0,Apache-2.0 OR MIT,https://github.com/smol-rs/async-fs
async-io,2.6.0,Apache-2.0 OR MIT,https://github.com/smol-rs/async-io
async-lock,3.4.2,Apache-2.0 OR MIT,https://github.com/smol-rs/async-lock
async-task,4.7.1,Apache-2.0 OR MIT,https://github.com/smol-rs/async-task
atomic-arena,0.1.2,MIT OR Apache-2.0,https://github.com/tesselode/atomic-arena
atomic-waker,1.1.2,Apache-2.0 OR MIT,https://github.com/smol-rs/atomic-waker
atomicow,1.2.0,MIT OR Apache-2.0,https://github.com/bevyengine/atomicow
autocfg,1.5.1,Apache-2.0 OR MIT,https://github.com/cuviper/autocfg
bevy,0.19.1,MIT OR Apache-2.0,https://github.com/bevyengine/bevy
bevy_a11y,0.19.1,MIT OR Apache-2.0,https://github.com/bevyengine/bevy
bevy_android,0.19.1,MIT OR Apache-2.0,https://github.com/bevyengine/bevy
bevy_app,0.19.1,MIT OR Apache-2.0,https://github.com/bevyengine/bevy
bevy_asset,0.19.1,MIT OR Apache-2.0,https://github.com/bevyengine/bevy
bevy_asset_macros,0.19.1,MIT OR Apache-2.0,https://github.com/bevyengine/bevy
bevy_camera,0.19.1,MIT OR Apache-2.0,https://github.com/bevyengine/bevy
bevy_clipboard,0.19.1,MIT OR Apache-2.0,https://github.com/bevyengine/bevy
bevy_color,0.19.1,MIT OR Apache-2.0,https://github.com/bevyengine/bevy
bevy_core_pipeline,0.19.1,MIT OR Apache-2.0,https://github.com/bevyengine/bevy
bevy_derive,0.19.1,MIT OR Apache-2.0,https://github.com/bevyengine/bevy
bevy_diagnostic,0.19.1,MIT OR Apache-2.0,https://github.com/bevyengine/bevy
bevy_ecs,0.19.1,MIT OR Apache-2.0,https://github.com/bevyengine/bevy
bevy_ecs_macro_logic,0.19.1,MIT OR Apache-2.0,
bevy_ecs_macros,0.19.1,MIT OR Apache-2.0,
bevy_encase_derive,0.19.1,MIT OR Apache-2.0,https://github.com/bevyengine/bevy
bevy_gilrs,0.19.1,MIT OR Apache-2.0,https://github.com/bevyengine/bevy
bevy_gizmos,0.19.1,MIT OR Apache-2.0,https://github.com/bevyengine/bevy
bevy_gizmos_macros,0.19.1,MIT OR Apache-2.0,https://github.com/bevyengine/bevy
bevy_gizmos_render,0.19.1,MIT OR Apache-2.0,https://github.com/bevyengine/bevy
bevy_image,0.19.1,MIT OR Apache-2.0,https://github.com/bevyengine/bevy
bevy_input,0.19.1,MIT OR Apache-2.0,https://github.com/bevyengine/bevy
bevy_input_focus,0.19.1,MIT OR Apache-2.0,https://github.com/bevyengine/bevy
bevy_internal,0.19.1,MIT OR Apache-2.0,https://github.com/bevyengine/bevy
bevy_light,0.19.1,MIT OR Apache-2.0,https://github.com/bevyengine/bevy
bevy_log,0.19.1,MIT OR Apache-2.0,https://github.com/bevyengine/bevy
bevy_macro_utils,0.19.1,MIT OR Apache-2.0,https://github.com/bevyengine/bevy
bevy_material,0.19.1,MIT OR Apache-2.0,https://github.com/bevyengine/bevy
bevy_material_macros,0.19.1,MIT OR Apache-2.0,https://github.com/bevyengine/bevy
bevy_math,0.19.1,MIT OR Apache-2.0,https://github.com/bevyengine/bevy
bevy_mesh,0.19.1,MIT OR Apache-2.0,https://github.com/bevyengine/bevy
bevy_mikktspace,1.0.0,Zlib AND (MIT OR Apache-2.0),https://github.com/bevyengine/bevy_mikktspace
bevy_pbr,0.19.1,MIT OR Apache-2.0,https://github.com/bevyengine/bevy
bevy_picking,0.19.1,MIT OR Apache-2.0,https://github.com/bevyengine/bevy
bevy_platform,0.19.1,MIT OR Apache-2.0,https://github.com/bevyengine/bevy
bevy_post_process,0.19.1,MIT OR Apache-2.0,https://github.com/bevyengine/bevy
bevy_ptr,0.19.1,MIT OR Apache-2.0,https://github.com/bevyengine/bevy
bevy_reflect,0.19.1,MIT OR Apache-2.0,https://github.com/bevyengine/bevy
bevy_reflect_derive,0.19.1,MIT OR Apache-2.0,https://github.com/bevyengine/bevy
bevy_render,0.19.1,MIT OR Apache-2.0,https://github.com/bevyengine/bevy
bevy_render_macros,0.19.1,MIT OR Apache-2.0,https://github.com/bevyengine/bevy
bevy_shader,0.19.1,MIT OR Apache-2.0,https://github.com/bevyengine/bevy
bevy_sprite,0.19.1,MIT OR Apache-2.0,https://github.com/bevyengine/bevy
bevy_sprite_render,0.19.1,MIT OR Apache-2.0,https://github.com/bevyengine/bevy
bevy_state,0.19.1,MIT OR Apache-2.0,https://github.com/bevyengine/bevy
bevy_state_macros,0.19.1,MIT OR Apache-2.0,
bevy_tasks,0.19.1,MIT OR Apache-2.0,https://github.com/bevyengine/bevy
bevy_text,0.19.1,MIT OR Apache-2.0,https://github.com/bevyengine/bevy
bevy_time,0.19.1,MIT OR Apache-2.0,https://github.com/bevyengine/bevy
bevy_transform,0.19.1,MIT OR Apache-2.0,https://github.com/bevyengine/bevy
bevy_ui,0.19.1,MIT OR Apache-2.0,https://github.com/bevyengine/bevy
bevy_ui_render,0.19.1,MIT OR Apache-2.0,https://github.com/bevyengine/bevy
bevy_ui_widgets,0.19.1,MIT OR Apache-2.0,https://github.com/bevyengine/bevy
bevy_utils,0.19.1,MIT OR Apache-2.0,https://github.com/bevyengine/bevy
bevy_window,0.19.1,MIT OR Apache-2.0,https://github.com/bevyengine/bevy
bevy_winit,0.19.1,MIT OR Apache-2.0,https://github.com/bevyengine/bevy
bit-set,0.9.1,Apache-2.0 OR MIT,https://github.com/contain-rs/bit-set
bit-vec,0.9.1,Apache-2.0 OR MIT,https://github.com/contain-rs/bit-vec
bitflags,1.3.2,MIT/Apache-2.0,https://github.com/bitflags/bitflags
bitflags,2.13.2,MIT OR Apache-2.0,https://github.com/bitflags/bitflags
blake3,1.8.7,CC0-1.0 OR Apache-2.0 OR Apache-2.0 WITH LLVM-exception,https://github.com/BLAKE3-team/BLAKE3
block2,0.5.1,MIT,https://github.com/madsmtm/objc2
block2,0.6.2,MIT,https://github.com/madsmtm/objc2
blocking,1.7.0,Apache-2.0 OR MIT,https://github.com/smol-rs/blocking
bumpalo,3.20.3,MIT OR Apache-2.0,https://github.com/fitzgen/bumpalo
bytemuck,1.25.2,Zlib OR Apache-2.0 OR MIT,https://github.com/Lokathor/bytemuck
bytemuck_derive,1.12.1,Zlib OR Apache-2.0 OR MIT,https://github.com/Lokathor/bytemuck
byteorder,1.5.0,Unlicense OR MIT,https://github.com/BurntSushi/byteorder
byteorder-lite,0.1.0,Unlicense OR MIT,https://github.com/image-rs/byteorder-lite
bytes,1.12.1,MIT,https://github.com/tokio-rs/bytes
calloop,0.13.0,MIT,https://github.com/Smithay/calloop
calloop-wayland-source,0.3.0,MIT,https://github.com/smithay/calloop-wayland-source
cc,1.5.1,MIT OR Apache-2.0,https://github.com/rust-lang/cc-rs
cfg-if,1.0.5,MIT OR Apache-2.0,https://github.com/rust-lang/cfg-if
cfg_aliases,0.2.2,MIT,https://github.com/katharostech/cfg_aliases
chacha20,0.10.2,MIT OR Apache-2.0,https://github.com/RustCrypto/stream-ciphers
clipboard-win,5.4.1,BSL-1.0,https://github.com/DoumanAsh/clipboard-win
cobs,0.3.0,MIT OR Apache-2.0,https://github.com/jamesmunns/cobs.rs
codespan-reporting,0.12.0,Apache-2.0,https://github.com/brendanzab/codespan
codespan-reporting,0.13.1,Apache-2.0,https://github.com/brendanzab/codespan
combine,4.6.8,MIT,https://github.com/Marwes/combine
concurrent-queue,2.5.0,Apache-2.0 OR MIT,https://github.com/smol-rs/concurrent-queue
console_error_panic_hook,0.1.7,Apache-2.0/MIT,https://github.com/rustwasm/console_error_panic_hook
const-fnv1a-hash,1.1.0,MIT,https://github.com/HindrikStegenga/const-fnv1a-hash
const_panic,0.2.17,Zlib,https://github.com/rodrimati1992/const_panic/
const_soft_float,0.1.4,MIT OR Apache-2.0,https://github.com/823984418/const_soft_float
constant_time_eq,0.4.2,CC0-1.0 OR MIT-0 OR Apache-2.0,https://github.com/cesarb/constant_time_eq
constgebra,0.1.4,MIT OR Apache-2.0,https://github.com/knickish/constgebra
convert_case,0.10.0,MIT,https://github.com/rutrum/convert-case
core-foundation,0.9.4,MIT OR Apache-2.0,https://github.com/servo/core-foundation-rs
core-foundation-sys,0.8.7,MIT OR Apache-2.0,https://github.com/servo/core-foundation-rs
core-graphics,0.23.2,MIT OR Apache-2.0,https://github.com/servo/core-foundation-rs
core-graphics-types,0.1.3,MIT OR Apache-2.0,https://github.com/servo/core-foundation-rs
core_maths,0.1.1,MIT,https://github.com/robertbastian/core_maths
coreaudio-rs,0.14.2,MIT/Apache-2.0,https://github.com/RustAudio/coreaudio-rs.git
cpal,0.18.2,Apache-2.0,https://github.com/RustAudio/cpal
cpufeatures,0.3.1,MIT OR Apache-2.0,https://github.com/RustCrypto/utils
crc32fast,1.5.2,MIT OR Apache-2.0,https://github.com/srijs/rust-crc32fast
critical-section,1.2.0,MIT OR Apache-2.0,https://github.com/rust-embedded/critical-section
crossbeam-channel,0.5.17,MIT OR Apache-2.0,https://github.com/crossbeam-rs/crossbeam
crossbeam-deque,0.8.8,MIT OR Apache-2.0,https://github.com/crossbeam-rs/crossbeam
crossbeam-epoch,0.9.21,MIT OR Apache-2.0,https://github.com/crossbeam-rs/crossbeam
crossbeam-queue,0.3.14,MIT OR Apache-2.0,https://github.com/crossbeam-rs/crossbeam
crossbeam-utils,0.8.23,MIT OR Apache-2.0,https://github.com/crossbeam-rs/crossbeam
crunchy,0.2.4,MIT,https://github.com/eira-fransham/crunchy
ctrlc,3.5.2,MIT/Apache-2.0,https://github.com/Detegr/rust-ctrlc.git
cursor-icon,1.2.0,MIT OR Apache-2.0 OR Zlib,https://github.com/rust-windowing/cursor-icon
dasp_sample,0.11.0,MIT OR Apache-2.0,https://github.com/rustaudio/sample.git
data-encoding,2.11.1,MIT,https://github.com/ia0/data-encoding
der-parser,10.0.0,MIT OR Apache-2.0,https://github.com/rusticata/der-parser.git
deranged,0.5.8,MIT OR Apache-2.0,https://github.com/jhpratt/deranged
derive_more,2.1.1,MIT,https://github.com/JelteF/derive_more
derive_more-impl,2.1.1,MIT,https://github.com/JelteF/derive_more
dispatch,0.2.0,MIT,http://github.com/SSheldon/rust-dispatch
dispatch2,0.3.1,Zlib OR Apache-2.0 OR MIT,https://github.com/madsmtm/objc2
displaydoc,0.2.7,MIT OR Apache-2.0,https://github.com/yaahc/displaydoc
disqualified,1.1.0,MIT OR Apache-2.0,https://github.com/bevyengine/disqualified
dlib,0.5.3,MIT,https://github.com/elinorbgr/dlib
document-features,0.2.12,MIT OR Apache-2.0,https://github.com/slint-ui/document-features
downcast-rs,1.2.1,MIT/Apache-2.0,https://github.com/marcianx/downcast-rs
downcast-rs,2.0.2,MIT OR Apache-2.0,https://github.com/marcianx/downcast-rs
dpi,0.1.2,Apache-2.0 AND MIT,https://github.com/rust-windowing/winit
either,1.18.0,MIT OR Apache-2.0,https://github.com/rayon-rs/either
embed-resource,3.0.11,MIT,https://github.com/nabijaczleweli/rust-embed-resource
embedded-io,0.4.0,MIT OR Apache-2.0,https://github.com/embassy-rs/embedded-io
embedded-io,0.6.1,MIT OR Apache-2.0,https://github.com/rust-embedded/embedded-hal
encase,0.12.1,MIT-0,https://github.com/teoxoy/encase
encase_derive,0.12.1,MIT-0,https://github.com/teoxoy/encase
encase_derive_impl,0.12.1,MIT-0,https://github.com/teoxoy/encase
equivalent,1.0.2,Apache-2.0 OR MIT,https://github.com/indexmap-rs/equivalent
erased-serde,0.4.10,MIT OR Apache-2.0,https://github.com/dtolnay/erased-serde
errno,0.3.14,MIT OR Apache-2.0,https://github.com/lambda-fairy/rust-errno
error-code,3.4.0,BSL-1.0,https://github.com/DoumanAsh/error-code
euclid,0.22.14,MIT OR Apache-2.0,https://github.com/servo/euclid
event-listener,5.4.2,Apache-2.0 OR MIT,https://github.com/smol-rs/event-listener
event-listener-strategy,0.5.4,Apache-2.0 OR MIT,https://github.com/smol-rs/event-listener-strategy
extended,0.1.0,MIT,https://github.com/depp/extended-rs
fastrand,2.5.0,Apache-2.0 OR MIT,https://github.com/smol-rs/fastrand
fdeflate,0.3.7,MIT OR Apache-2.0,https://github.com/image-rs/fdeflate
find-msvc-tools,0.1.14,MIT OR Apache-2.0,https://github.com/rust-lang/cc-rs
fixedbitset,0.5.7,MIT OR Apache-2.0,https://github.com/petgraph/fixedbitset
flate2,1.1.10,MIT OR Apache-2.0,https://github.com/rust-lang/flate2-rs
fnv,1.0.7,Apache-2.0 / MIT,https://github.com/servo/rust-fnv
foldhash,0.1.5,Zlib,https://github.com/orlp/foldhash
foldhash,0.2.0,Zlib,https://github.com/orlp/foldhash
font-types,0.11.3,MIT OR Apache-2.0,https://github.com/googlefonts/fontations
font-types,0.12.5,MIT OR Apache-2.0,https://github.com/googlefonts/fontations
fontique,0.9.0,Apache-2.0 OR MIT,https://github.com/linebender/parley
foreign-types,0.5.0,MIT/Apache-2.0,https://github.com/sfackler/foreign-types
foreign-types-macros,0.2.4,MIT/Apache-2.0,https://github.com/sfackler/foreign-types
foreign-types-shared,0.3.1,MIT/Apache-2.0,https://github.com/sfackler/foreign-types
futures-channel,0.3.34,MIT OR Apache-2.0,https://github.com/rust-lang/futures-rs
futures-core,0.3.34,MIT OR Apache-2.0,https://github.com/rust-lang/futures-rs
futures-io,0.3.34,MIT OR Apache-2.0,https://github.com/rust-lang/futures-rs
futures-lite,2.6.1,Apache-2.0 OR MIT,https://github.com/smol-rs/futures-lite
futures-macro,0.3.34,MIT OR Apache-2.0,https://github.com/rust-lang/futures-rs
futures-task,0.3.34,MIT OR Apache-2.0,https://github.com/rust-lang/futures-rs
futures-util,0.3.34,MIT OR Apache-2.0,https://github.com/rust-lang/futures-rs
gethostname,1.1.0,Apache-2.0,https://codeberg.org/swsnr/gethostname.rs.git
getrandom,0.2.17,MIT OR Apache-2.0,https://github.com/rust-random/getrandom
getrandom,0.3.4,MIT OR Apache-2.0,https://github.com/rust-random/getrandom
getrandom,0.4.3,MIT OR Apache-2.0,https://github.com/rust-random/getrandom
gilrs,0.11.2,Apache-2.0/MIT,https://gitlab.com/gilrs-project/gilrs
gilrs-core,0.6.8,Apache-2.0/MIT,https://gitlab.com/gilrs-project/gilrs
glam,0.32.1,MIT OR Apache-2.0,https://github.com/bitshifter/glam-rs
glam,0.33.12,MIT OR Apache-2.0,https://github.com/bitshifter/glam-rs
gpu-allocator,0.28.0,MIT OR Apache-2.0,https://github.com/Traverse-Research/gpu-allocator
gpu-descriptor,0.3.2,MIT OR Apache-2.0,https://github.com/zakarumych/gpu-descriptor
gpu-descriptor-types,0.2.0,MIT OR Apache-2.0,https://github.com/zakarumych/gpu-descriptor
grid,1.0.1,MIT,https://github.com/becheran/grid
guillotiere,0.6.2,MIT/Apache-2.0,https://github.com/nical/guillotiere
half,2.7.1,MIT OR Apache-2.0,https://github.com/VoidStarKat/half-rs
harfrust,0.6.2,MIT,https://github.com/harfbuzz/harfrust
hash32,0.3.1,MIT OR Apache-2.0,https://github.com/japaric/hash32
hashbrown,0.15.5,MIT OR Apache-2.0,https://github.com/rust-lang/hashbrown
hashbrown,0.16.1,MIT OR Apache-2.0,https://github.com/rust-lang/hashbrown
hashbrown,0.17.1,MIT OR Apache-2.0,https://github.com/rust-lang/hashbrown
heapless,0.9.3,MIT OR Apache-2.0,https://github.com/rust-embedded/heapless
hermit-abi,0.5.3,MIT OR Apache-2.0,https://github.com/hermit-os/hermit-rs
hexasphere,18.0.0,MIT OR Apache-2.0,https://github.com/OptimisticPeach/hexasphere.git
hexf-parse,0.2.1,CC0-1.0,https://github.com/lifthrasiir/hexf
icu_collections,2.3.0,Unicode-3.0,https://github.com/unicode-org/icu4x
icu_locale_core,2.3.0,Unicode-3.0,https://github.com/unicode-org/icu4x
icu_locale_fallback,2.3.0,Unicode-3.0,https://github.com/unicode-org/icu4x
icu_locale_fallback_data,2.3.0,Unicode-3.0,https://github.com/unicode-org/icu4x
icu_normalizer,2.3.0,Unicode-3.0,https://github.com/unicode-org/icu4x
icu_normalizer_data,2.3.0,Unicode-3.0,https://github.com/unicode-org/icu4x
icu_properties,2.3.0,Unicode-3.0,https://github.com/unicode-org/icu4x
icu_properties_data,2.3.0,Unicode-3.0,https://github.com/unicode-org/icu4x
icu_provider,2.3.1,Unicode-3.0,https://github.com/unicode-org/icu4x
icu_segmenter,2.3.0,Unicode-3.0,https://github.com/unicode-org/icu4x
icu_segmenter_data,2.3.0,Unicode-3.0,https://github.com/unicode-org/icu4x
image,0.25.10,MIT OR Apache-2.0,https://github.com/image-rs/image
indexmap,2.14.2,Apache-2.0 OR MIT,https://github.com/indexmap-rs/indexmap
inotify,0.11.5,ISC,https://github.com/hannobraun/inotify-rs
inotify-sys,0.1.8,ISC,https://github.com/hannobraun/inotify-sys
inventory,0.3.24,MIT OR Apache-2.0,https://github.com/dtolnay/inventory
itertools,0.14.0,MIT OR Apache-2.0,https://github.com/rust-itertools/itertools
itoa,1.0.18,MIT OR Apache-2.0,https://github.com/dtolnay/itoa
jni,0.22.4,MIT OR Apache-2.0,https://github.com/jni-rs/jni-rs
jni-macros,0.22.4,MIT OR Apache-2.0,https://github.com/jni-rs/jni-rs
jni-sys,0.3.1,MIT OR Apache-2.0,https://github.com/jni-rs/jni-sys
jni-sys,0.4.1,MIT OR Apache-2.0,https://github.com/jni-rs/jni-sys
jni-sys-macros,0.4.1,MIT OR Apache-2.0,https://github.com/jni-rs/jni-sys
jobserver,0.1.35,MIT OR Apache-2.0,https://github.com/rust-lang/jobserver-rs
js-sys,0.3.106,MIT OR Apache-2.0,https://github.com/wasm-bindgen/wasm-bindgen/tree/master/crates/js-sys
kira,0.12.5,MIT OR Apache-2.0,https://github.com/tesselode/kira
lazy_static,1.5.1,MIT OR Apache-2.0,https://github.com/rust-lang-nursery/lazy-static.rs
libc,0.2.189,MIT OR Apache-2.0,https://github.com/rust-lang/libc
libloading,0.8.9,ISC,https://github.com/nagisa/rust_libloading/
libloading,0.9.0,ISC,https://github.com/nagisa/rust_libloading/
libm,0.2.16,MIT,https://github.com/rust-lang/compiler-builtins
libredox,0.1.25,MIT,https://gitlab.redox-os.org/redox-os/libredox.git
libudev-sys,0.1.4,MIT,https://github.com/dcuddeback/libudev-sys
linebender_resource_handle,0.1.1,Apache-2.0 OR MIT,https://github.com/linebender/raw_resource_handle
linux-raw-sys,0.12.1,Apache-2.0 WITH LLVM-exception OR Apache-2.0 OR MIT,https://github.com/sunfishcode/linux-raw-sys
linux-raw-sys,0.4.15,Apache-2.0 WITH LLVM-exception OR Apache-2.0 OR MIT,https://github.com/sunfishcode/linux-raw-sys
litemap,0.8.3,Unicode-3.0,https://github.com/unicode-org/icu4x
litrs,1.0.0,MIT OR Apache-2.0,https://github.com/LukasKalbertodt/litrs
lock_api,0.4.14,MIT OR Apache-2.0,https://github.com/Amanieu/parking_lot
log,0.4.34,MIT OR Apache-2.0,https://github.com/rust-lang/log
lru-slab,0.1.3,MIT OR Apache-2.0 OR Zlib,https://github.com/Ralith/lru-slab
mach2,0.6.0,BSD-2-Clause OR MIT OR Apache-2.0,https://github.com/JohnTitor/mach2
matchers,0.2.0,MIT,https://github.com/hawkw/matchers
matrixmultiply,0.3.11,MIT/Apache-2.0,https://github.com/bluss/matrixmultiply/
memchr,2.8.3,Unlicense OR MIT,https://github.com/BurntSushi/memchr
memmap2,0.9.11,MIT OR Apache-2.0,https://github.com/RazrFalcon/memmap2-rs
minimal-lexical,0.2.1,MIT/Apache-2.0,https://github.com/Alexhuszagh/minimal-lexical
miniz_oxide,0.8.9,MIT OR Zlib OR Apache-2.0,https://github.com/Frommi/miniz_oxide/tree/master/miniz_oxide
miniz_oxide,0.9.1,MIT OR Zlib OR Apache-2.0,https://github.com/Frommi/miniz_oxide/tree/master/miniz_oxide
mint,0.5.9,MIT,https://github.com/kvark/mint
mio,1.2.3,MIT,https://github.com/tokio-rs/mio
moxcms,0.8.1,BSD-3-Clause OR Apache-2.0,https://github.com/awxkee/moxcms.git
naga,29.0.4,MIT OR Apache-2.0,https://github.com/gfx-rs/wgpu
naga_oil,0.22.0,MIT OR Apache-2.0,https://github.com/bevyengine/naga_oil/
ndarray,0.17.2,MIT OR Apache-2.0,https://github.com/rust-ndarray/ndarray
ndk,0.9.0,MIT OR Apache-2.0,https://github.com/rust-mobile/ndk
ndk-context,0.1.1,MIT OR Apache-2.0,https://github.com/rust-windowing/android-ndk-rs
ndk-sys,0.6.0+11769913,MIT OR Apache-2.0,https://github.com/rust-mobile/ndk
nix,0.31.3,MIT,https://github.com/nix-rust/nix
nom,7.1.3,MIT,https://github.com/Geal/nom
nom,8.0.0,MIT,https://github.com/rust-bakery/nom
nonmax,0.5.5,MIT OR Apache-2.0,https://github.com/LPGhatguy/nonmax
nu-ansi-term,0.50.3,MIT,https://github.com/nushell/nu-ansi-term
num-bigint,0.4.8,MIT OR Apache-2.0,https://github.com/rust-num/num-bigint
num-complex,0.4.6,MIT OR Apache-2.0,https://github.com/rust-num/num-complex
num-conv,0.2.2,MIT OR Apache-2.0,https://github.com/jhpratt/num-conv
num-derive,0.4.2,MIT OR Apache-2.0,https://github.com/rust-num/num-derive
num-integer,0.1.47,MIT OR Apache-2.0,https://github.com/rust-num/num-integer
num-traits,0.2.19,MIT OR Apache-2.0,https://github.com/rust-num/num-traits
num_enum,0.7.6,BSD-3-Clause OR MIT OR Apache-2.0,https://github.com/illicitonion/num_enum
num_enum_derive,0.7.6,BSD-3-Clause OR MIT OR Apache-2.0,https://github.com/illicitonion/num_enum
objc-sys,0.3.5,MIT,https://github.com/madsmtm/objc2
objc2,0.5.2,MIT,https://github.com/madsmtm/objc2
objc2,0.6.4,MIT,https://github.com/madsmtm/objc2
objc2-app-kit,0.2.2,MIT,https://github.com/madsmtm/objc2
objc2-app-kit,0.3.2,Zlib OR Apache-2.0 OR MIT,https://github.com/madsmtm/objc2
objc2-audio-toolbox,0.3.2,Zlib OR Apache-2.0 OR MIT,https://github.com/madsmtm/objc2
objc2-avf-audio,0.3.2,Zlib OR Apache-2.0 OR MIT,https://github.com/madsmtm/objc2
objc2-cloud-kit,0.2.2,MIT,https://github.com/madsmtm/objc2
objc2-contacts,0.2.2,MIT,https://github.com/madsmtm/objc2
objc2-core-audio,0.3.2,Zlib OR Apache-2.0 OR MIT,https://github.com/madsmtm/objc2
objc2-core-audio-types,0.3.2,Zlib OR Apache-2.0 OR MIT,https://github.com/madsmtm/objc2
objc2-core-data,0.2.2,MIT,https://github.com/madsmtm/objc2
objc2-core-foundation,0.3.2,Zlib OR Apache-2.0 OR MIT,https://github.com/madsmtm/objc2
objc2-core-graphics,0.3.2,Zlib OR Apache-2.0 OR MIT,https://github.com/madsmtm/objc2
objc2-core-image,0.2.2,MIT,https://github.com/madsmtm/objc2
objc2-core-location,0.2.2,MIT,https://github.com/madsmtm/objc2
objc2-encode,4.1.0,MIT,https://github.com/madsmtm/objc2
objc2-foundation,0.2.2,MIT,https://github.com/madsmtm/objc2
objc2-foundation,0.3.2,MIT,https://github.com/madsmtm/objc2
objc2-io-kit,0.3.2,Zlib OR Apache-2.0 OR MIT,https://github.com/madsmtm/objc2
objc2-io-surface,0.3.2,Zlib OR Apache-2.0 OR MIT,https://github.com/madsmtm/objc2
objc2-link-presentation,0.2.2,MIT,https://github.com/madsmtm/objc2
objc2-metal,0.2.2,MIT,https://github.com/madsmtm/objc2
objc2-metal,0.3.2,Zlib OR Apache-2.0 OR MIT,https://github.com/madsmtm/objc2
objc2-quartz-core,0.2.2,MIT,https://github.com/madsmtm/objc2
objc2-quartz-core,0.3.2,Zlib OR Apache-2.0 OR MIT,https://github.com/madsmtm/objc2
objc2-symbols,0.2.2,MIT,https://github.com/madsmtm/objc2
objc2-ui-kit,0.2.2,MIT,https://github.com/madsmtm/objc2
objc2-uniform-type-identifiers,0.2.2,MIT,https://github.com/madsmtm/objc2
objc2-user-notifications,0.2.2,MIT,https://github.com/madsmtm/objc2
offset-allocator,0.2.0,MIT,https://github.com/pcwalton/offset-allocator/
ogg_next_sys,0.1.5,BSD-3-Clause,https://github.com/ComunidadAylas/vorbis-rs
oid-registry,0.8.1,MIT OR Apache-2.0,https://github.com/rusticata/oid-registry.git
once_cell,1.21.4,MIT OR Apache-2.0,https://github.com/matklad/once_cell
orbclient,0.3.55,MIT,https://gitlab.redox-os.org/redox-os/orbclient
ordered-float,5.5.0,MIT,https://github.com/reem/rust-ordered-float
ort,2.0.0-rc.13,MIT OR Apache-2.0,https://github.com/pykeio/ort
ort-sys,2.0.0-rc.13,MIT OR Apache-2.0,https://github.com/pykeio/ort
os_pipe,1.2.3,MIT,https://github.com/oconnor663/os_pipe.rs
owned_ttf_parser,0.25.1,Apache-2.0,https://github.com/alexheretic/owned-ttf-parser
oxifft,0.4.2,Apache-2.0,https://github.com/cool-japan/oxifft
oxifft-codegen,0.4.2,Apache-2.0,https://github.com/cool-japan/oxifft
oxifft-codegen-impl,0.4.2,Apache-2.0,https://github.com/cool-japan/oxifft
oximedia-audio,0.2.1,Apache-2.0,https://github.com/cool-japan/oximedia
oximedia-core,0.2.1,Apache-2.0,https://github.com/cool-japan/oximedia
parking,2.2.1,Apache-2.0 OR MIT,https://github.com/smol-rs/parking
parking_lot,0.12.5,MIT OR Apache-2.0,https://github.com/Amanieu/parking_lot
parking_lot_core,0.9.12,MIT OR Apache-2.0,https://github.com/Amanieu/parking_lot
parlance,0.1.0,Apache-2.0 OR MIT,https://github.com/linebender/parley
parley,0.9.0,Apache-2.0 OR MIT,https://github.com/linebender/parley
parley_data,0.9.0,Apache-2.0 OR MIT,https://github.com/linebender/parley
pastey,0.2.3,MIT OR Apache-2.0,https://github.com/as1100k/pastey
percent-encoding,2.3.2,MIT OR Apache-2.0,https://github.com/servo/rust-url/
petgraph,0.8.3,MIT OR Apache-2.0,https://github.com/petgraph/petgraph
pin-project,1.1.13,Apache-2.0 OR MIT,https://github.com/taiki-e/pin-project
pin-project-internal,1.1.13,Apache-2.0 OR MIT,https://github.com/taiki-e/pin-project
pin-project-lite,0.2.17,Apache-2.0 OR MIT,https://github.com/taiki-e/pin-project-lite
piper,0.2.5,MIT OR Apache-2.0,https://github.com/smol-rs/piper
pkg-config,0.3.34,MIT OR Apache-2.0,https://github.com/rust-lang/pkg-config-rs
plain,0.2.3,MIT/Apache-2.0,https://github.com/randomites/plain
png,0.18.1,MIT OR Apache-2.0,https://github.com/image-rs/image-png
polling,3.11.0,Apache-2.0 OR MIT,https://github.com/smol-rs/polling
portable-atomic,1.15.0,Apache-2.0 OR MIT,https://github.com/taiki-e/portable-atomic
portable-atomic-util,0.2.8,Apache-2.0 OR MIT,https://github.com/taiki-e/portable-atomic-util
postcard,1.1.3,MIT OR Apache-2.0,https://github.com/jamesmunns/postcard
potential_utf,0.1.6,Unicode-3.0,https://github.com/unicode-org/icu4x
powerfmt,0.2.0,MIT OR Apache-2.0,https://github.com/jhpratt/powerfmt
pp-rs,0.2.1,BSD-3-Clause,https://github.com/Kangz/glslpp-rs
presser,0.3.1,MIT OR Apache-2.0,https://github.com/EmbarkStudios/presser
proc-macro-crate,3.5.0,MIT OR Apache-2.0,https://github.com/bkchr/proc-macro-crate
proc-macro2,1.0.107,MIT OR Apache-2.0,https://github.com/dtolnay/proc-macro2
profiling,1.0.18,MIT OR Apache-2.0,https://github.com/aclysma/profiling
pxfm,0.1.30,BSD-3-Clause OR Apache-2.0,https://github.com/awxkee/pxfm
quick-xml,0.41.0,MIT,https://github.com/tafia/quick-xml
quinn,0.11.12,MIT OR Apache-2.0,https://github.com/quinn-rs/quinn
quinn-proto,0.11.19,MIT OR Apache-2.0,https://github.com/quinn-rs/quinn
quinn-udp,0.5.16,MIT OR Apache-2.0,https://github.com/quinn-rs/quinn
quote,1.0.47,MIT OR Apache-2.0,https://github.com/dtolnay/quote
r-efi,5.3.0,MIT OR Apache-2.0 OR LGPL-2.1-or-later,https://github.com/r-efi/r-efi
r-efi,6.0.0,MIT OR Apache-2.0 OR LGPL-2.1-or-later,https://github.com/r-efi/r-efi
radsort,0.1.1,MIT OR Apache-2.0,https://github.com/jakubvaltar/radsort
rand,0.10.3,MIT OR Apache-2.0,https://github.com/rust-random/rand
rand_core,0.10.1,MIT OR Apache-2.0,https://github.com/rust-random/rand_core
rand_distr,0.6.0,MIT OR Apache-2.0,https://github.com/rust-random/rand_distr
rand_pcg,0.10.2,MIT OR Apache-2.0,https://github.com/rust-random/rngs
range-alloc,0.1.5,MIT OR Apache-2.0,https://github.com/gfx-rs/range-alloc
raw-window-handle,0.6.2,MIT OR Apache-2.0 OR Zlib,https://github.com/rust-windowing/raw-window-handle
raw-window-metal,1.1.0,MIT OR Apache-2.0,https://github.com/rust-windowing/raw-window-metal
rawpointer,0.2.1,MIT/Apache-2.0,https://github.com/bluss/rawpointer/
rayon,1.12.0,MIT OR Apache-2.0,https://github.com/rayon-rs/rayon
rayon-core,1.13.0,MIT OR Apache-2.0,https://github.com/rayon-rs/rayon
rcgen,0.14.10,MIT OR Apache-2.0,https://github.com/rustls/rcgen
read-fonts,0.39.2,MIT OR Apache-2.0,https://github.com/googlefonts/fontations
read-fonts,0.41.0,MIT OR Apache-2.0,https://github.com/googlefonts/fontations
rectangle-pack,0.4.2,MIT/Apache-2.0,https://github.com/chinedufn/rectangle-pack
redox_syscall,0.4.1,MIT,https://gitlab.redox-os.org/redox-os/syscall
redox_syscall,0.5.18,MIT,https://gitlab.redox-os.org/redox-os/syscall
redox_syscall,0.9.4,MIT,https://gitlab.redox-os.org/redox-os/kernel
regex,1.13.1,MIT OR Apache-2.0,https://github.com/rust-lang/regex
regex-automata,0.4.18,MIT OR Apache-2.0,https://github.com/rust-lang/regex
regex-lite,0.1.9,MIT OR Apache-2.0,https://github.com/rust-lang/regex
regex-syntax,0.8.11,MIT OR Apache-2.0,https://github.com/rust-lang/regex
renderdoc-sys,1.1.0,MIT OR Apache-2.0,https://github.com/ebkalderon/renderdoc-rs
ring,0.17.14,Apache-2.0 AND ISC,https://github.com/briansmith/ring
ron,0.12.2,MIT OR Apache-2.0,https://github.com/ron-rs/ron
rtrb,0.4.0,MIT OR Apache-2.0,https://github.com/mgeier/rtrb
rustc-hash,1.1.0,Apache-2.0/MIT,https://github.com/rust-lang-nursery/rustc-hash
rustc-hash,2.1.3,Apache-2.0 OR MIT,https://github.com/rust-lang/rustc-hash
rustc_version,0.4.1,MIT OR Apache-2.0,https://github.com/djc/rustc-version-rs
rusticata-macros,4.1.0,MIT/Apache-2.0,https://github.com/rusticata/rusticata-macros.git
rustix,0.38.44,Apache-2.0 WITH LLVM-exception OR Apache-2.0 OR MIT,https://github.com/bytecodealliance/rustix
rustix,1.1.5,Apache-2.0 WITH LLVM-exception OR Apache-2.0 OR MIT,https://github.com/bytecodealliance/rustix
rustls,0.23.45,Apache-2.0 OR ISC OR MIT,https://github.com/rustls/rustls
rustls-pki-types,1.15.1,MIT OR Apache-2.0,https://github.com/rustls/pki-types
rustls-webpki,0.103.15,ISC,https://github.com/rustls/webpki
rustversion,1.0.23,MIT OR Apache-2.0,https://github.com/dtolnay/rustversion
same-file,1.0.6,Unlicense/MIT,https://github.com/BurntSushi/same-file
scoped-tls,1.0.1,MIT/Apache-2.0,https://github.com/alexcrichton/scoped-tls
scopeguard,1.2.0,MIT OR Apache-2.0,https://github.com/bluss/scopeguard
sctk-adwaita,0.10.1,MIT,https://github.com/PolyMeilex/sctk-adwaita
semver,1.0.28,MIT OR Apache-2.0,https://github.com/dtolnay/semver
send_wrapper,0.6.0,MIT/Apache-2.0,https://github.com/thk1/send_wrapper
serde,1.0.229,MIT OR Apache-2.0,https://github.com/serde-rs/serde
serde_core,1.0.229,MIT OR Apache-2.0,https://github.com/serde-rs/serde
serde_derive,1.0.229,MIT OR Apache-2.0,https://github.com/serde-rs/serde
serde_json,1.0.151,MIT OR Apache-2.0,https://github.com/serde-rs/json
serde_spanned,1.1.1,MIT OR Apache-2.0,https://github.com/toml-rs/toml
sharded-slab,0.1.7,MIT,https://github.com/hawkw/sharded-slab
shlex,2.0.1,MIT OR Apache-2.0,https://github.com/comex/rust-shlex
simd-adler32,0.3.10,MIT,https://github.com/mcountryman/simd-adler32
simd_cesu8,1.2.0,Apache-2.0 OR MIT,https://github.com/seancroach/simd_cesu8
simdutf8,0.1.5,MIT OR Apache-2.0,https://github.com/rusticstuff/simdutf8
skrifa,0.42.1,MIT OR Apache-2.0,https://github.com/googlefonts/fontations
skrifa,0.44.0,MIT OR Apache-2.0,https://github.com/googlefonts/fontations
slab,0.4.12,MIT,https://github.com/tokio-rs/slab
slotmap,1.1.1,Zlib,https://github.com/orlp/slotmap
smallvec,1.16.2,MIT OR Apache-2.0,https://github.com/servo/rust-smallvec
smithay-client-toolkit,0.19.2,MIT,https://github.com/smithay/client-toolkit
smol_str,0.2.2,MIT OR Apache-2.0,https://github.com/rust-analyzer/smol_str
socket2,0.6.5,MIT OR Apache-2.0,https://github.com/rust-lang/socket2
spin,0.10.1,MIT,https://github.com/mvdnes/spin-rs.git
spin,0.12.3,MIT,https://codeberg.org/zesterer/spin
spirv,0.4.0+sdk-1.4.341.0,Apache-2.0,https://github.com/gfx-rs/rspirv
stable_deref_trait,1.2.1,MIT OR Apache-2.0,https://github.com/storyyeller/stable_deref_trait
stackfuture,0.3.1,MIT,https://github.com/microsoft/stackfuture
static_assertions,1.1.0,MIT OR Apache-2.0,https://github.com/nvzqz/static-assertions-rs
strict-num,0.1.1,MIT,https://github.com/RazrFalcon/strict-num
subtle,2.6.1,BSD-3-Clause,https://github.com/dalek-cryptography/subtle
svg_fmt,0.4.5,MIT/Apache-2.0,https://github.com/nical/rust_debug
swash,0.2.10,Apache-2.0 OR MIT,https://github.com/dfrg/swash
symphonia,0.6.1,MPL-2.0,https://github.com/pdeljanov/Symphonia
symphonia-bundle-flac,0.6.1,MPL-2.0,https://github.com/pdeljanov/Symphonia
symphonia-bundle-mp3,0.6.1,MPL-2.0,https://github.com/pdeljanov/Symphonia
symphonia-codec-pcm,0.6.1,MPL-2.0,https://github.com/pdeljanov/Symphonia
symphonia-codec-vorbis,0.6.1,MPL-2.0,https://github.com/pdeljanov/Symphonia
symphonia-common,0.6.1,MPL-2.0,https://github.com/pdeljanov/Symphonia
symphonia-core,0.6.1,MPL-2.0,https://github.com/pdeljanov/Symphonia
symphonia-format-ogg,0.6.1,MPL-2.0,https://github.com/pdeljanov/Symphonia
symphonia-format-riff,0.6.1,MPL-2.0,https://github.com/pdeljanov/Symphonia
symphonia-metadata,0.6.1,MPL-2.0,https://github.com/pdeljanov/Symphonia
syn,2.0.119,MIT OR Apache-2.0,https://github.com/dtolnay/syn
syn,3.0.6,MIT OR Apache-2.0,https://github.com/dtolnay/syn
synstructure,0.13.2,MIT,https://github.com/mystor/synstructure
synstructure,0.14.0,MIT,https://github.com/mystor/synstructure
sys-locale,0.3.2,MIT OR Apache-2.0,https://github.com/1Password/sys-locale
taffy,0.10.1,MIT,https://github.com/DioxusLabs/taffy
termcolor,1.4.1,Unlicense OR MIT,https://github.com/BurntSushi/termcolor
thiserror,1.0.69,MIT OR Apache-2.0,https://github.com/dtolnay/thiserror
thiserror,2.0.21,MIT OR Apache-2.0,https://github.com/dtolnay/thiserror
thiserror-impl,1.0.69,MIT OR Apache-2.0,https://github.com/dtolnay/thiserror
thiserror-impl,2.0.21,MIT OR Apache-2.0,https://github.com/dtolnay/thiserror
thread_local,1.1.10,MIT OR Apache-2.0,https://github.com/Amanieu/thread_local-rs
time,0.3.55,MIT OR Apache-2.0,https://github.com/time-rs/time
time-core,0.1.9,MIT OR Apache-2.0,https://github.com/time-rs/time
time-macros,0.2.32,MIT OR Apache-2.0,https://github.com/time-rs/time
tiny-skia,0.11.4,BSD-3-Clause,https://github.com/RazrFalcon/tiny-skia
tiny-skia-path,0.11.4,BSD-3-Clause,https://github.com/RazrFalcon/tiny-skia/tree/master/path
tinystr,0.8.4,Unicode-3.0,https://github.com/unicode-org/icu4x
tinyvec,1.13.3,Zlib OR Apache-2.0 OR MIT,https://github.com/Lokathor/tinyvec
tokio,1.53.1,MIT,https://github.com/tokio-rs/tokio
tokio-macros,2.7.2,MIT,https://github.com/tokio-rs/tokio
toml,1.1.6+spec-1.1.0,MIT OR Apache-2.0,https://github.com/toml-rs/toml
toml_datetime,1.1.1+spec-1.1.0,MIT OR Apache-2.0,https://github.com/toml-rs/toml
toml_edit,0.25.15+spec-1.1.0,MIT OR Apache-2.0,https://github.com/toml-rs/toml
toml_parser,1.1.3+spec-1.1.0,MIT OR Apache-2.0,https://github.com/toml-rs/toml
toml_writer,1.1.2+spec-1.1.0,MIT OR Apache-2.0,https://github.com/toml-rs/toml
tracing,0.1.44,MIT,https://github.com/tokio-rs/tracing
tracing-attributes,0.1.31,MIT,https://github.com/tokio-rs/tracing
tracing-core,0.1.36,MIT,https://github.com/tokio-rs/tracing
tracing-log,0.2.0,MIT,https://github.com/tokio-rs/tracing
tracing-oslog,0.3.0,Zlib,https://github.com/Absolucy/tracing-oslog
tracing-subscriber,0.3.23,MIT,https://github.com/tokio-rs/tracing
tracing-wasm,0.2.1,MIT OR Apache-2.0,https://github.com/storyai/tracing-wasm
tree_magic_mini,3.2.2,MIT,https://github.com/mbrubeck/tree_magic/
triple_buffer,9.0.0,MPL-2.0,https://github.com/HadrienG2/triple-buffer
ttf-parser,0.25.1,MIT OR Apache-2.0,https://github.com/harfbuzz/ttf-parser
typeid,1.0.3,MIT OR Apache-2.0,https://github.com/dtolnay/typeid
typewit,1.15.2,Zlib,https://github.com/rodrimati1992/typewit/
unicode-ident,1.0.26,(MIT OR Apache-2.0) AND Unicode-3.0,https://github.com/dtolnay/unicode-ident
unicode-segmentation,1.13.3,MIT OR Apache-2.0,https://github.com/unicode-rs/unicode-segmentation
unicode-width,0.2.2,MIT OR Apache-2.0,https://github.com/unicode-rs/unicode-width
unicode-xid,0.2.6,MIT OR Apache-2.0,https://github.com/unicode-rs/unicode-xid
untrusted,0.9.0,ISC,https://github.com/briansmith/untrusted
utf8_iter,1.0.4,Apache-2.0 OR MIT,https://github.com/hsivonen/utf8_iter
uuid,1.26.1,Apache-2.0 OR MIT,https://github.com/uuid-rs/uuid
valuable,0.1.1,MIT,https://github.com/tokio-rs/valuable
variadics_please,1.1.0,MIT OR Apache-2.0,https://github.com/bevyengine/variadics_please
vec_map,0.8.2,MIT/Apache-2.0,https://github.com/contain-rs/vec-map
version_check,0.9.5,MIT/Apache-2.0,https://github.com/SergioBenitez/version_check
vorbis_rs,0.5.6,BSD-3-Clause,https://github.com/ComunidadAylas/vorbis-rs
vswhom,0.1.0,MIT,https://github.com/nabijaczleweli/vswhom.rs
vswhom-sys,0.1.3,MIT,https://github.com/nabijaczleweli/vswhom-sys.rs
walkdir,2.5.0,Unlicense/MIT,https://github.com/BurntSushi/walkdir
wasi,0.11.1+wasi-snapshot-preview1,Apache-2.0 WITH LLVM-exception OR Apache-2.0 OR MIT,https://github.com/bytecodealliance/wasi
wasip2,1.0.4+wasi-0.2.12,Apache-2.0 WITH LLVM-exception OR Apache-2.0 OR MIT,https://github.com/bytecodealliance/wasi-rs
wasm-bindgen,0.2.129,MIT OR Apache-2.0,https://github.com/wasm-bindgen/wasm-bindgen
wasm-bindgen-futures,0.4.79,MIT OR Apache-2.0,https://github.com/wasm-bindgen/wasm-bindgen/tree/master/crates/futures
wasm-bindgen-macro,0.2.129,MIT OR Apache-2.0,https://github.com/wasm-bindgen/wasm-bindgen/tree/master/crates/macro
wasm-bindgen-macro-support,0.2.129,MIT OR Apache-2.0,https://github.com/wasm-bindgen/wasm-bindgen/tree/main/crates/macro-support
wasm-bindgen-shared,0.2.129,MIT OR Apache-2.0,https://github.com/wasm-bindgen/wasm-bindgen/tree/master/crates/shared
wayland-backend,0.3.17,MIT,https://github.com/smithay/wayland-rs
wayland-client,0.31.15,MIT,https://github.com/smithay/wayland-rs
wayland-csd-frame,0.3.0,MIT,https://github.com/rust-windowing/wayland-csd-frame
wayland-cursor,0.31.14,MIT,https://github.com/smithay/wayland-rs
wayland-protocols,0.32.13,MIT,https://github.com/smithay/wayland-rs
wayland-protocols-plasma,0.3.12,MIT,https://github.com/smithay/wayland-rs
wayland-protocols-wlr,0.3.12,MIT,https://github.com/smithay/wayland-rs
wayland-scanner,0.31.11,MIT,https://github.com/smithay/wayland-rs
wayland-sys,0.31.11,MIT,https://github.com/smithay/wayland-rs
weak-table,0.3.2,MIT,https://github.com/tov/weak-table-rs
web-sys,0.3.106,MIT OR Apache-2.0,https://github.com/wasm-bindgen/wasm-bindgen/tree/master/crates/web-sys
web-task,1.1.3,MIT OR Apache-2.0,https://github.com/NthTensor/web-task
web-time,1.1.0,MIT OR Apache-2.0,https://github.com/daxpedda/web-time
wgpu,29.0.4,MIT OR Apache-2.0,https://github.com/gfx-rs/wgpu
wgpu-core,29.0.4,MIT OR Apache-2.0,https://github.com/gfx-rs/wgpu
wgpu-core-deps-apple,29.0.4,MIT OR Apache-2.0,https://github.com/gfx-rs/wgpu
wgpu-core-deps-windows-linux-android,29.0.4,MIT OR Apache-2.0,https://github.com/gfx-rs/wgpu
wgpu-hal,29.0.4,MIT OR Apache-2.0,https://github.com/gfx-rs/wgpu
wgpu-naga-bridge,29.0.4,MIT OR Apache-2.0,https://github.com/gfx-rs/wgpu
wgpu-types,29.0.4,MIT OR Apache-2.0,https://github.com/gfx-rs/wgpu
winapi-util,0.1.11,Unlicense OR MIT,https://github.com/BurntSushi/winapi-util
windows,0.62.2,MIT OR Apache-2.0,https://github.com/microsoft/windows-rs
windows-collections,0.3.2,MIT OR Apache-2.0,https://github.com/microsoft/windows-rs
windows-core,0.62.2,MIT OR Apache-2.0,https://github.com/microsoft/windows-rs
windows-future,0.3.2,MIT OR Apache-2.0,https://github.com/microsoft/windows-rs
windows-implement,0.60.2,MIT OR Apache-2.0,https://github.com/microsoft/windows-rs
windows-interface,0.59.3,MIT OR Apache-2.0,https://github.com/microsoft/windows-rs
windows-link,0.2.1,MIT OR Apache-2.0,https://github.com/microsoft/windows-rs
windows-numerics,0.3.1,MIT OR Apache-2.0,https://github.com/microsoft/windows-rs
windows-result,0.4.1,MIT OR Apache-2.0,https://github.com/microsoft/windows-rs
windows-strings,0.5.1,MIT OR Apache-2.0,https://github.com/microsoft/windows-rs
windows-sys,0.52.0,MIT OR Apache-2.0,https://github.com/microsoft/windows-rs
windows-sys,0.59.0,MIT OR Apache-2.0,https://github.com/microsoft/windows-rs
windows-sys,0.60.2,MIT OR Apache-2.0,https://github.com/microsoft/windows-rs
windows-sys,0.61.2,MIT OR Apache-2.0,https://github.com/microsoft/windows-rs
windows-targets,0.52.6,MIT OR Apache-2.0,https://github.com/microsoft/windows-rs
windows-targets,0.53.5,MIT OR Apache-2.0,https://github.com/microsoft/windows-rs
windows-threading,0.2.1,MIT OR Apache-2.0,https://github.com/microsoft/windows-rs
windows_aarch64_gnullvm,0.52.6,MIT OR Apache-2.0,https://github.com/microsoft/windows-rs
windows_aarch64_gnullvm,0.53.1,MIT OR Apache-2.0,https://github.com/microsoft/windows-rs
windows_aarch64_msvc,0.52.6,MIT OR Apache-2.0,https://github.com/microsoft/windows-rs
windows_aarch64_msvc,0.53.1,MIT OR Apache-2.0,https://github.com/microsoft/windows-rs
windows_i686_gnu,0.52.6,MIT OR Apache-2.0,https://github.com/microsoft/windows-rs
windows_i686_gnu,0.53.1,MIT OR Apache-2.0,https://github.com/microsoft/windows-rs
windows_i686_gnullvm,0.52.6,MIT OR Apache-2.0,https://github.com/microsoft/windows-rs
windows_i686_gnullvm,0.53.1,MIT OR Apache-2.0,https://github.com/microsoft/windows-rs
windows_i686_msvc,0.52.6,MIT OR Apache-2.0,https://github.com/microsoft/windows-rs
windows_i686_msvc,0.53.1,MIT OR Apache-2.0,https://github.com/microsoft/windows-rs
windows_x86_64_gnu,0.52.6,MIT OR Apache-2.0,https://github.com/microsoft/windows-rs
windows_x86_64_gnu,0.53.1,MIT OR Apache-2.0,https://github.com/microsoft/windows-rs
windows_x86_64_gnullvm,0.52.6,MIT OR Apache-2.0,https://github.com/microsoft/windows-rs
windows_x86_64_gnullvm,0.53.1,MIT OR Apache-2.0,https://github.com/microsoft/windows-rs
windows_x86_64_msvc,0.52.6,MIT OR Apache-2.0,https://github.com/microsoft/windows-rs
windows_x86_64_msvc,0.53.1,MIT OR Apache-2.0,https://github.com/microsoft/windows-rs
winit,0.30.13,Apache-2.0,https://github.com/rust-windowing/winit
winnow,1.0.4,MIT,https://github.com/winnow-rs/winnow
winreg,0.55.0,MIT,https://github.com/gentoo90/winreg-rs
winsafe,0.0.29,MIT,https://github.com/rodrigocfd/winsafe
wit-bindgen,0.57.1,Apache-2.0 WITH LLVM-exception OR Apache-2.0 OR MIT,https://github.com/bytecodealliance/wit-bindgen
wl-clipboard-rs,0.9.4,MIT OR Apache-2.0,https://github.com/YaLTeR/wl-clipboard-rs
writeable,0.6.4,Unicode-3.0,https://github.com/unicode-org/icu4x
x11-dl,2.21.0,MIT,https://github.com/AltF02/x11-rs.git
x11rb,0.13.2,MIT OR Apache-2.0,https://github.com/psychon/x11rb
x11rb,0.14.0,MIT OR Apache-2.0,https://github.com/psychon/x11rb
x11rb-protocol,0.13.2,MIT OR Apache-2.0,https://github.com/psychon/x11rb
x11rb-protocol,0.14.0,MIT OR Apache-2.0,https://github.com/psychon/x11rb
x509-parser,0.18.1,MIT OR Apache-2.0,https://github.com/rusticata/x509-parser.git
xcursor,0.3.11,MIT,https://github.com/esposm03/xcursor-rs
xkbcommon-dl,0.4.2,MIT,https://github.com/rust-windowing/xkbcommon-dl
xkeysym,0.2.1,MIT OR Apache-2.0 OR Zlib,https://github.com/notgull/xkeysym
yasna,0.6.0,MIT OR Apache-2.0,https://github.com/qnighy/yasna.rs
yazi,0.2.1,Apache-2.0 OR MIT,https://github.com/dfrg/yazi
yoke,0.8.3,Unicode-3.0,https://github.com/unicode-org/icu4x
yoke-derive,0.8.4,Unicode-3.0,https://github.com/unicode-org/icu4x
zeno,0.3.3,Apache-2.0 OR MIT,https://github.com/dfrg/zeno
zerocopy,0.8.59,BSD-2-Clause OR Apache-2.0 OR MIT,https://github.com/google/zerocopy
zerocopy-derive,0.8.59,BSD-2-Clause OR Apache-2.0 OR MIT,https://github.com/google/zerocopy
zerofrom,0.1.8,Unicode-3.0,https://github.com/unicode-org/icu4x
zerofrom-derive,0.1.8,Unicode-3.0,https://github.com/unicode-org/icu4x
zeroize,1.9.0,Apache-2.0 OR MIT,https://github.com/RustCrypto/utils
zerotrie,0.2.5,Unicode-3.0,https://github.com/unicode-org/icu4x
zerovec,0.11.8,Unicode-3.0,https://github.com/unicode-org/icu4x
zerovec-derive,0.11.6,Unicode-3.0,https://github.com/unicode-org/icu4x
zlib-rs,0.6.8,Zlib,https://github.com/trifectatechfoundation/zlib-rs
zmij,1.0.23,MIT,https://github.com/dtolnay/zmij
